{"cameraMode":{"drawMode":0,"name":"Shaded","section":"Shading Mode"},"sceneLighting":true,"audioPlay":false,"sceneViewState":{"showFog":true,"showMaterialUpdate":false,"showSkybox":true,"showFlares":true,"showImageEffects":true,"showParticleSystems":true},"in2DMode":false,"pivot":{"x":1.7301015853881837,"y":2.1670634746551515,"z":0.34321361780166628},"rotation":{"x":0.2517891526222229,"y":-0.48336905241012576,"z":0.1474592387676239,"w":0.8253559470176697},"size":6.995521068572998,"orthographic":false}