{"cameraMode":{"drawMode":0,"name":"Shaded","section":"Shading Mode"},"sceneLighting":true,"audioPlay":false,"sceneViewState":{"showFog":true,"showMaterialUpdate":false,"showSkybox":true,"showFlares":true,"showImageEffects":true,"showParticleSystems":true},"in2DMode":false,"pivot":{"x":43.41189193725586,"y":65.3813247680664,"z":160.55303955078126},"rotation":{"x":0.413190633058548,"y":0.10480964928865433,"z":-0.04794052988290787,"w":0.9033217430114746},"size":264.64678955078127,"orthographic":false}