{"cameraMode":{"drawMode":0,"name":"Shaded","section":"Shading Mode"},"sceneLighting":true,"audioPlay":false,"sceneViewState":{"showFog":true,"showMaterialUpdate":false,"showSkybox":true,"showFlares":true,"showImageEffects":true,"showParticleSystems":true},"in2DMode":false,"pivot":{"x":-0.21355748176574708,"y":-0.19558477401733399,"z":0.014706134796142578},"rotation":{"x":0.3216836154460907,"y":-0.23001384735107423,"z":0.08087258785963059,"w":0.9149169325828552},"size":1.9335777759552003,"orthographic":false}